input_size,threads,sequential_time,parallel_time,speedup,efficiency
small,1,0.068343,0.092222,0.741070,0.741070
small,2,0.068343,0.074334,0.919404,0.459702
small,4,0.068343,0.083217,0.821262,0.205316
small,8,0.068343,0.091993,0.742915,0.092864
medium,1,0.293444,0.434202,0.675824,0.675824
medium,2,0.293444,0.347712,0.843928,0.421964
medium,4,0.293444,0.415669,0.705956,0.176489
medium,8,0.293444,0.351703,0.834352,0.104294
large,1,0.475303,0.712155,0.667415,0.667415
large,2,0.475303,0.590155,0.805387,0.402693
large,4,0.475303,0.526815,0.902220,0.225555
large,8,0.475303,0.607795,0.782012,0.097752
